[
  { "title": "a-call-to-the-soul", "driveId": "1YERpHfULnOFYt9pRooIzJzhkYR_bgYWD", "thumbnail": "a-call-to-the-soul.jpg" },
  { "title": "a-long-way", "driveId": "1PjPzSKtlvuZSJbqJ4OeMqEYjACXL6mBx", "thumbnail": "a-long-way.jpg" },
  { "title": "abstract-future-bass_pursit", "driveId": "19unMZqc8TeY5bD5_hriCsLhAlrUQIH0p", "thumbnail": "abstract-future-bass_pursit.jpg" },
  { "title": "alone", "driveId": "1vCExRqHaU2YTRnKssw8OxL_0FUh6IcYd", "thumbnail": "alone.jpg" },
  { "title": "amalgam", "driveId": "1ZCyEdOs3YA8ZUuEtOUfcNs3IeK5DeTSV", "thumbnail": "amalgam.jpg" },
  { "title": "baby-mandala-nepalese-drill-music", "driveId": "1y0ebFZne-RPFjVtdKKFMDIROgb3afE2w", "thumbnail": "baby-mandala-nepalese-drill-music.jpg" },
  { "title": "better-day", "driveId": "1Bk46nL3E4Sz99WE5ZKC6gfr02DTmVmsJ", "thumbnail": "better-day.jpg" },
  { "title": "brain-implant-cyberpunk-sci-fi-trailer-action-intro", "driveId": "1micjoVanKkkHDnoUsM5717U2X2yZVHaE", "thumbnail": "brain-implant-cyberpunk-sci-fi-trailer-action-intro.jpg" },
  { "title": "coverless-book-lofi", "driveId": "1mj3J6mo2zJGgySH7FM9qbphDkOHiJyXi", "thumbnail": "coverless-book-lofi.jpg" },
  { "title": "deep-future-garage-royalty-free-music", "driveId": "1t6rN5J9aTJ8sv50oO9M64EjVWEAJm67H", "thumbnail": "deep-future-garage-royalty-free-music.jpg" },
  { "title": "dont-talk", "driveId": "10amCXRU3FBFFIUr1xY8LmaS3JYcUMQLr", "thumbnail": "dont-talk.jpg" },
  { "title": "eco-technology", "driveId": "1wKXLP2dMeSwvsryE2snjUyxUbC_v0-xn", "thumbnail": "eco-technology.jpg" },
  { "title": "experimental-cinematic-hip-hop", "driveId": "1-RCFUYfvQvdLsamBAkONPaFwsnmu7s9u", "thumbnail": "experimental-cinematic-hip-hop.jpg" },
  { "title": "flow", "driveId": "1iQ6nB8G9rA_DxD9wPc--1B_cUxiaqGwN", "thumbnail": "flow.jpg" },
  { "title": "for-future-bass", "driveId": "1RSDDf_fvNhngtSRnd9FvTLoH4yDgE5LJ", "thumbnail": "for-future-bass.jpg" },
  { "title": "for-her-chill-upbeat-summel-travel-vlog", "driveId": "1h_NZb4YeJfYXEPe0arJmyFX9gkGgT9wp", "thumbnail": "for-her-chill-upbeat-summel-travel-vlog.jpg" },
  { "title": "futuristic-beat", "driveId": "1po6QICGrUr_QRS2rI5Q__Q85DoWcYj4e", "thumbnail": "futuristic-beat.jpg" },
  { "title": "gardens-stylish-chill", "driveId": "1hYs2AnCqC4u7LHVrEY_z-ebkfEyTpqih", "thumbnail": "gardens-stylish-chill.jpg" },
  { "title": "glossy", "driveId": "1jlPh2d-GHYVwiZWYSR95_wqjM1CfAXZg", "thumbnail": "glossy.jpg" },
  { "title": "good-night-lofi-cozy-chill-music", "driveId": "12uTcg0P1DWMqT9WHt04qq1b_iZGsAsyx", "thumbnail": "good-night-lofi-cozy-chill-music.jpg" },
  { "title": "gorila", "driveId": "14q-U4W9GvH0e436dcW2CzG4FMVt6w6yZ", "thumbnail": "gorila.jpg" },
  { "title": "groovy-ambient-funk", "driveId": "13QaFCO_G33aVZUynXpiX1jeB3kYLN9M3", "thumbnail": "groovy-ambient-funk.jpg" },
  { "title": "in-slow-motion-inspiring-ambient-lounge", "driveId": "1gUDocGOKXRzquOJrG8Q5YzbPsjk7dJse", "thumbnail": "in-slow-motion-inspiring-ambient-lounge.jpg" },
  { "title": "inside-you", "driveId": "1tepWsNRg19lrFLfV7_1vFI7QN2xpRS3g", "thumbnail": "inside-you.jpg" },
  { "title": "kugelsicher-by-tremoxbeatz", "driveId": "1aKRrBNAPWSA_dtYJ0C1ZGr4900vtdYKM", "thumbnail": "kugelsicher-by-tremoxbeatz.jpg" },
  { "title": "lazy-day-stylish-futuristic-chill", "driveId": "1Ch8oNlcY5g6xVLCDX7ytc4RWH0FL_0y2", "thumbnail": "lazy-day-stylish-futuristic-chill.jpg" },
  { "title": "leonell-cassio-the-paranormal-is-real-ft-carrie", "driveId": "1ViQHCUxNNzCU4JU-t91vh6HsKBBVDr6Y", "thumbnail": "leonell-cassio-the-paranormal-is-real-ft-carrie.jpg" },
  { "title": "leva-eternity", "driveId": "15WY1Ch9RVseKKT9oRvnF0nOZKWe6pAh0", "thumbnail": "leva-eternity.jpg" },
  { "title": "lofi-chill-smooth-chill-lofi-for-vlogs-and-background-music", "driveId": "11-k8pfF-BRG94qMwsj5DqyJc2SitytO_", "thumbnail": "lofi-chill-smooth-chill-lofi-for-vlogs-and-background-music.jpg" },
  { "title": "lost-in-dreams-abstract-chill-downtempo-cinematic-future-beats", "driveId": "1E8vqp14tsqDLmB1hsfzMW9oEek3uASes", "thumbnail": "lost-in-dreams-abstract-chill-downtempo-cinematic-future-beats.jpg" },
  { "title": "mellow-future-bass-bounce-on-it", "driveId": "1WxUQk3sFY1mYf_QLK_RtA9vXVSOON2Ml", "thumbnail": "mellow-future-bass-bounce-on-it.jpg" },
  { "title": "midnight-forest", "driveId": "1s18sJfkEdGFtr-Jf3XU4Qmf49N53UO49", "thumbnail": "midnight-forest.jpg" },
  { "title": "modern-vlog", "driveId": "1OThU6zCp4cvpWP1MyG5qGR08sMyeoqqs", "thumbnail": "modern-vlog.jpg" },
  { "title": "mountain-path", "driveId": "1NeInSSPF7JfEsLDbyrL7pKy5bf3Dn7EM", "thumbnail": "mountain-path.jpg" },
  { "title": "movement", "driveId": "1vCsyjtDh4n-gnbBETi9aQMcWXAPU7hGT", "thumbnail": "movement.jpg" },
  { "title": "my-universe", "driveId": "15AtmttbP6nn2t6RbWWySRz8fbFqObeHy", "thumbnail": "my-universe.jpg" },
  { "title": "night-detective", "driveId": "1dCwhzdGfML_nH3hQr7QdnMHasjlvPOe6", "thumbnail": "night-detective.jpg" },
  { "title": "no-place-to-go", "driveId": "10EV55XzS6JBRn1_OMKblULO29hX52XPs", "thumbnail": "no-place-to-go.jpg" },
  { "title": "once-in-paris", "driveId": "1GZixEEDLXJ228vlkbkYI5DyqfeqT8W7o", "thumbnail": "once-in-paris.jpg" },
  { "title": "perfect-beauty", "driveId": "11AqKiMOR7TAFVuDrff7Eyfd3J44oSbtZ", "thumbnail": "perfect-beauty.jpg" },
  { "title": "please-calm-my-mind", "driveId": "1LrKwwMPmYF2ex723sLIfvww0AD3vgqIS", "thumbnail": "please-calm-my-mind.jpg" },
  { "title": "reflected-light", "driveId": "1cNbG9opy_iR_2tmsrqJkEFU--t0QjgDI", "thumbnail": "reflected-light.jpg" },
  { "title": "risk", "driveId": "1aBhFvbC3--uGju6jofpNeBN77yuea6ze", "thumbnail": "risk.jpg" },
  { "title": "sad-soul-chasing-a-feeling", "driveId": "1cyDUMmBoogrJPtZfoetb9O6gCQlXDIMQ", "thumbnail": "sad-soul-chasing-a-feeling.jpg" },
  { "title": "science-documentary", "driveId": "1EOmOgKzY0X-oiHIlEoMGgNDlcr0eAOHm", "thumbnail": "science-documentary.jpg" },
  { "title": "smoke", "driveId": "1fQA77JmxFfswkTh79_jREJAdI7DtR__G", "thumbnail": "smoke.jpg" },
  { "title": "so-fresh", "driveId": "13Hf7pbs4oQMrFz1xuyHnmXEEPoxnYe8_", "thumbnail": "so-fresh.jpg" },
  { "title": "solitude-dark-ambient-electronic", "driveId": "1dSE2XClAb78lyLqnBhMW2qG1RiNaPkrP", "thumbnail": "solitude-dark-ambient-electronic.jpg" },
  { "title": "soulsweeper", "driveId": "10EvzHIHYlWbgZl8FksrIyMmIAd9GR3R7", "thumbnail": "soulsweeper.jpg" },
  { "title": "spinning-head", "driveId": "14NaszPIqCYwtlfRmhihOECVxcpEU7eYF", "thumbnail": "spinning-head.jpg" },
  { "title": "summer-walk", "driveId": "1uYxhJpF6HDkVXehBhk6JMEa0iOViGkZQ", "thumbnail": "summer-walk.jpg" },
  { "title": "tell-me-the-truth", "driveId": "1Rbj_A5J6_yZrsbR9EiiPZkOoPTamBYca", "thumbnail": "tell-me-the-truth.jpg" },
  { "title": "the-best-jazz-club-in-new-orleans", "driveId": "1dQ9aCo4prp4iHE4UAUYwui110RGa47v1", "thumbnail": "the-best-jazz-club-in-new-orleans.jpg" },
  { "title": "titanium", "driveId": "1C0ocuS8P6ybAUkLjC8onOwHVuJ8jzWI0", "thumbnail": "titanium.jpg" },
  { "title": "trap-future-bass-royalty-free-music", "driveId": "1__4B8If2p5x5xyP9XafUF7xtokd6dxdh", "thumbnail": "trap-future-bass-royalty-free-music.jpg" },
  { "title": "tvari-tokyo-cafe", "driveId": "1wvVhVwOQOy3aebv9CQ8lxnR2B5iF9z6G", "thumbnail": "tvari-tokyo-cafe.jpg" },
  { "title": "unlock-me-amapiano-music", "driveId": "1mSjvdQuE1MkAEJ6s-dD_RlVbtj9SVrJl", "thumbnail": "unlock-me-amapiano-music.jpg" },
  { "title": "waterfall", "driveId": "10EC7p4faNDDS97fDvZqDhcKu4CgYvVdD", "thumbnail": "waterfall.jpg" }
]
